time,spread,zscore,QQQ,XLK,signal
2024-03-11 03:49:07.942418+00:00,0.6494364993742892,-0.6863009123287984,200.65782195634497,99.74838752836777,0.0
2024-03-12 03:49:07.942418+00:00,1.8194621873526415,0.48972065429835165,200.80853781408769,100.99284731146446,0.0
2024-03-13 03:49:07.942418+00:00,2.9029695526614034,1.5787805290470516,201.16439327112383,102.25210113991332,0.0
2024-03-14 03:49:07.942418+00:00,1.6170383610042762,0.2862594928633463,199.41906737714336,100.10420521839467,0.0
2024-03-15 03:49:07.942418+00:00,0.027576714333306995,-1.3113474614263165,199.5973723706733,98.60280312330147,0.0
2024-03-16 03:49:07.942418+00:00,1.6761078909909202,0.34563172879677456,200.90992059862782,100.89956296753405,0.0
2024-03-17 03:49:07.942418+00:00,2.450320703733979,1.123812049365728,204.52905631521867,103.46115964425499,0.0
2024-03-18 03:49:07.942418+00:00,0.659090056190351,-0.6765978851841847,207.00615883072695,102.89329651104408,0.0
2024-03-19 03:49:07.942418+00:00,1.1684024976056833,-0.16467543646352079,212.47902688351945,106.10549627508681,0.0
2024-03-20 03:49:07.942418+00:00,1.3058964081434823,-0.02647692874379344,210.64997113832285,105.33967376389063,0.0
2024-03-21 03:49:07.942418+00:00,0.5206007961104575,-0.8157968431845022,212.98141292438874,105.70580814911213,0.0
2024-03-22 03:49:07.942418+00:00,1.95743507640411,0.6284005950907148,213.57778304530993,107.43717195649883,0.0
2024-03-23 03:49:07.942418+00:00,1.223393474853765,-0.10940265409804208,219.31824878453003,109.53817624365723,0.0
2024-03-24 03:49:07.942418+00:00,1.7516411239925418,0.42155203714527306,217.32254496052516,109.08080492416961,0.0
2024-03-25 03:49:07.942418+00:00,0.43199255843354933,-0.9048591599862136,215.2630526338815,106.74403413913865,0.0
2024-03-26 03:49:07.942418+00:00,0.8733274533938697,-0.46126261342212865,213.84388537844688,106.48448438890003,0.0
2024-03-27 03:49:07.942418+00:00,2.000545915903615,0.6717323591090083,208.52200634377297,104.98338452971426,0.0
2024-03-28 03:49:07.942418+00:00,0.8980342874995983,-0.4364291674132461,207.33154164398502,103.29293766990074,0.0
2024-03-29 03:49:07.942418+00:00,2.987016727505747,1.6632584095300138,205.56723482858465,104.51058126552573,0.0
2024-03-30 03:49:07.942418+00:00,0.8634467718621863,-0.47119392919888897,206.06156758733755,102.63114760805418,0.0
2024-03-31 03:49:07.942418+00:00,1.4937055267865844,0.16229463089192261,207.03027779310173,103.73982362230275,0.0
2024-04-01 03:49:07.942418+00:00,2.230943843243523,0.9033109767768795,211.81558600013977,106.84038383194297,0.0
2024-04-02 03:49:07.942418+00:00,-0.10442588192711355,-1.4440265142437476,214.35845033854642,105.76085943634018,0.0
2024-04-03 03:49:07.942418+00:00,-0.455176797504663,-1.7965748774734007,213.00309532528036,104.7407388506594,0.0
2024-04-04 03:49:07.942418+00:00,-0.23331690837154895,-1.573578051787572,210.83451591188137,103.89160164137058,0.0
2024-04-05 03:49:07.942418+00:00,2.563327631629491,1.2373980891842489,212.20557910613667,107.36537365649552,0.0
2024-04-06 03:49:07.942418+00:00,0.7290584108297793,-0.6062709728071063,208.97097222658877,103.93362796740193,0.0
2024-04-07 03:49:07.942418+00:00,3.8680357425981526,2.5487922683186333,213.6890154366466,109.40270700399155,-1.0
2024-04-08 03:49:07.942418+00:00,0.7649132441733144,-0.570232398856925,216.84162962386955,107.85656721327739,0.0
2024-04-09 03:49:07.942418+00:00,1.507026323671198,0.17568369113386767,215.75089284585712,108.0599977261256,0.0
2024-04-10 03:49:07.942418+00:00,2.8381915265971003,1.5136705434476878,211.4450197309676,107.26461981805167,0.0
2024-04-11 03:49:07.942418+00:00,3.3240088595856747,2.0019774814116156,215.00712159322956,109.5096536847739,-1.0
2024-04-12 03:49:07.942418+00:00,3.3783988509487273,2.056646198097772,214.8406032769595,109.48180521511615,-1.0
2024-04-13 03:49:07.942418+00:00,2.5456125354905197,1.219592210793407,218.16070607745095,110.28871926931862,0.0
2024-04-14 03:49:07.942418+00:00,2.3365254685499934,1.0094336625227787,214.1175049351135,108.0828149933682,0.0
2024-04-15 03:49:07.942418+00:00,1.896337479628201,0.5669898993976065,212.7059352248511,106.94549456162673,0.0
2024-04-16 03:49:07.942418+00:00,2.0830359344028295,0.754645103490005,212.84694317861715,107.20183266547521,0.0
2024-04-17 03:49:07.942418+00:00,0.7550074796167365,-0.5801889261982991,213.09464745378284,105.99613801056289,0.0
2024-04-18 03:49:07.942418+00:00,0.4817235589616047,-0.8548733094601512,212.07162572654323,105.2176139798493,0.0
2024-04-19 03:49:07.942418+00:00,1.3070438177019383,-0.02532363920462957,213.78393427481842,106.88859267999825,0.0
2024-04-20 03:49:07.942418+00:00,1.1242315516944785,-0.20907273948312696,211.17332348691633,105.41647712093324,0.0
2024-04-21 03:49:07.942418+00:00,0.8397531948971988,-0.49500892555979037,210.93922649242884,105.01638519688714,0.0
2024-04-22 03:49:07.942418+00:00,1.9920109603745146,0.6631536656020575,211.370290838369,106.38153286664121,0.0
2024-04-23 03:49:07.942418+00:00,2.2597043241884194,0.93221884282229,212.8019580445546,107.3562842308478,0.0
2024-04-24 03:49:07.942418+00:00,1.4047273991908185,0.07286052864453746,214.74683569255274,107.46182473256822,0.0
2024-04-25 03:49:07.942418+00:00,2.7768757128001056,1.4520405124650737,211.97752382786223,107.46629199498638,0.0
2024-04-26 03:49:07.942418+00:00,0.13451599043426654,-1.20386016750927,208.20233766397772,102.95947971785536,0.0
2024-04-27 03:49:07.942418+00:00,1.1028783005359202,-0.23053541687396337,211.51944267975634,105.56606188059845,0.0
2024-04-28 03:49:07.942418+00:00,0.5856636538444917,-0.7504005662755511,212.48984484066736,105.52810009973088,0.0
2024-04-29 03:49:07.942418+00:00,-0.574967869632232,-1.9169798273466176,210.70878929135296,103.48785802860341,0.0
2024-04-30 03:49:07.942418+00:00,1.2337040358159896,-0.09903925594346705,214.75731082215867,107.29597472523663,0.0
2024-05-01 03:49:07.942418+00:00,1.1972543119636043,-0.13567576896060884,215.18426888934482,107.47038693628913,0.0
2024-05-02 03:49:07.942418+00:00,2.8519089062713476,1.5274582187955699,218.35857387895086,110.69273668271757,0.0
2024-05-03 03:49:07.942418+00:00,1.9711583718432166,0.6421942165192078,218.66650789501247,109.96406563206101,0.0
2024-05-04 03:49:07.942418+00:00,0.3501094708250321,-0.9871618632166219,224.20510642837957,111.07836638986058,0.0
2024-05-05 03:49:07.942418+00:00,3.258161740263546,1.9357929239110905,229.0623060570133,116.38524559484084,0.0
2024-05-06 03:49:07.942418+00:00,2.621750556323562,1.2961204062509595,228.51540381693388,115.47873560399229,0.0
2024-05-07 03:49:07.942418+00:00,1.9999857441328714,0.6711693166987615,231.31674019755368,116.24046780224546,0.0
2024-05-08 03:49:07.942418+00:00,1.203235524726594,-0.12966390505357334,233.24696537199148,116.3969985871459,0.0
2024-05-09 03:49:07.942418+00:00,0.49461933137010305,-0.8419114517620405,237.21766344129585,117.64939248392444,0.0
2024-05-10 03:49:07.942418+00:00,1.0658875644584498,-0.2677157145712589,234.61323137473863,116.93440891129826,0.0
2024-05-11 03:49:07.942418+00:00,2.5395450975012466,1.2134936797928721,236.68548031259857,119.43148877600348,0.0
2024-05-12 03:49:07.942418+00:00,3.354679963828758,2.032805761878226,239.83365609732147,121.80141435459534,-1.0
2024-05-13 03:49:07.942418+00:00,2.983193101182536,1.6594151887656998,234.91589723716092,119.00119214685265,0.0
2024-05-14 03:49:07.942418+00:00,0.9315181297883584,-0.40277373482769036,231.7212519535065,115.37177655496698,0.0
2024-05-15 03:49:07.942418+00:00,0.2668448282315552,-1.0708532013073477,226.18988350562526,111.97532431952362,0.0
2024-05-16 03:49:07.942418+00:00,1.5236981168812491,0.1924409201168017,225.59435222974506,112.93806236178374,0.0
2024-05-17 03:49:07.942418+00:00,-0.3728910970885977,-1.7138674982178916,227.67219060580803,112.06765593734116,0.0
2024-05-18 03:49:07.942418+00:00,1.7447126530123143,0.4145880607298692,231.91333297364497,116.27983420100726,0.0
2024-05-19 03:49:07.942418+00:00,1.2760592282133558,-0.05646701139385292,232.25868378322633,115.98173930531449,0.0
2024-05-20 03:49:07.942418+00:00,0.9863026828854942,-0.34770843444818794,236.93716022953572,118.00254361289961,0.0
2024-05-21 03:49:07.942418+00:00,-0.16554498412261864,-1.5054588255624821,233.15535468161653,114.98297427354147,0.0
2024-05-22 03:49:07.942418+00:00,1.9144028511810944,0.5851478482132809,228.52941505275,114.77830763294472,0.0
2024-05-23 03:49:07.942418+00:00,0.8680086501673827,-0.4666086732285613,228.51420130414525,113.72439981241071,0.0
2024-05-24 03:49:07.942418+00:00,0.23808864924144757,-1.0997567433523006,229.70448273668237,113.6823245326309,0.0
2024-05-25 03:49:07.942418+00:00,-1.4639643376547014,-2.8105320200820056,229.75218386393442,112.00382971868557,1.0
2024-05-26 03:49:07.942418+00:00,1.3466890574920711,0.014524765395666365,224.19004312429598,112.06750665709735,0.0
2024-05-27 03:49:07.942418+00:00,3.1458104522527037,1.8228658838497842,224.0847992441512,113.81465121874535,0.0
2024-05-28 03:49:07.942418+00:00,3.014141017833097,1.6905217001843726,220.71150869000874,112.01701355955224,0.0
2024-05-29 03:49:07.942418+00:00,0.9074691294465964,-0.42694597595737316,222.61758885818952,110.85169817250849,0.0
2024-05-30 03:49:07.942418+00:00,0.7691750322291426,-0.5659487709694827,223.7304940230131,111.26303495114477,0.0
2024-05-31 03:49:07.942418+00:00,1.825516912830821,0.49580640764163875,221.34137509241975,111.1394618022849,0.0
2024-06-01 03:49:07.942418+00:00,0.3508050411618058,-0.9864627283809027,220.10929979630154,109.05626445896247,0.0
2024-06-02 03:49:07.942418+00:00,1.6346429248530825,0.3039542725335546,217.44365241652633,109.02361810808263,0.0
2024-06-03 03:49:07.942418+00:00,2.098728511244758,0.7704180980419016,217.4105685458813,109.47136455132534,0.0
2024-06-04 03:49:07.942418+00:00,2.575655470390629,1.2497891028192147,220.03291130631766,111.24338887704313,0.0
2024-06-05 03:49:07.942418+00:00,1.2334237556024306,-0.09932097247262622,217.56222499239334,108.68095841971672,0.0
2024-06-06 03:49:07.942418+00:00,1.1387704517178747,-0.19445933384748398,219.00870010437745,109.30067630201177,0.0
2024-06-07 03:49:07.942418+00:00,0.45672498647587645,-0.8799999888828105,217.7465329437978,107.99528388514234,0.0
2024-06-08 03:49:07.942418+00:00,0.4959290032505521,-0.8405950683762411,215.8054371400786,107.07583821599944,0.0
2024-06-09 03:49:07.942418+00:00,1.0954251818633054,-0.23802672957562832,215.6577475989556,107.60239490757628,0.0
2024-06-10 03:49:07.942418+00:00,1.6736408305051924,0.3431520256866637,213.1080459178501,106.92138846574123,0.0
2024-06-11 03:49:07.942418+00:00,2.211965094009841,0.8842349696124698,211.82006528636506,106.82361726941578,0.0
2024-06-12 03:49:07.942418+00:00,0.47731693027468225,-0.8593025202246541,208.90234244457773,103.64799227160852,0.0
2024-06-13 03:49:07.942418+00:00,2.8041426167220322,1.4794471475473707,213.9529120403561,108.46914458913757,0.0
2024-06-14 03:49:07.942418+00:00,1.0416722774842526,-0.2920550944808804,214.17182066317918,106.81478673054701,0.0
2024-06-15 03:49:07.942418+00:00,1.2811931005496007,-0.05130683016897184,212.50198592344222,106.22962566737267,0.0
2024-06-16 03:49:07.942418+00:00,0.5594749130714547,-0.7767235130863301,213.17514098674118,105.84035881422277,0.0
2024-06-17 03:49:07.942418+00:00,-1.118530986775852,-2.463328471784076,213.01569949737794,104.08360948841603,1.0
2024-06-18 03:49:07.942418+00:00,2.187075830758971,0.8592181595875047,212.57866899132964,107.17337989202586,0.0
2024-06-19 03:49:07.942418+00:00,2.050259484574397,0.7217006884470231,214.27292106833283,107.87330443125884,0.0
2024-06-20 03:49:07.942418+00:00,1.0448151489243998,-0.2888961171757446,216.34924549813724,107.8932951919504,0.0
2024-06-21 03:49:07.942418+00:00,1.385486866161699,0.05352139615528129,215.1017727691789,107.61787710181432,0.0
2024-06-22 03:49:07.942418+00:00,1.8261158947369722,0.4964084590725525,213.7445195405744,107.3881989879913,0.0
2024-06-23 03:49:07.942418+00:00,-0.2559074696704897,-1.596284380001332,213.16727673802077,105.02109251212384,0.0
2024-06-24 03:49:07.942418+00:00,0.7422763502038094,-0.5929852971762672,207.40684591263602,103.17437027897171,0.0
2024-06-25 03:49:07.942418+00:00,2.0432408280325944,0.7146460643078124,203.76015803019615,102.67434369471991,0.0
2024-06-26 03:49:07.942418+00:00,0.015922431225519063,-1.3230614677247754,207.22458832591713,102.35800473978931,0.0
2024-06-27 03:49:07.942418+00:00,1.589605403551488,0.2586859532972296,211.43945616578944,106.01328601506135,0.0
2024-06-28 03:49:07.942418+00:00,-0.06362985510793351,-1.4030214253256117,210.9344473022551,104.11064184650415,0.0
2024-06-29 03:49:07.942418+00:00,1.7691032285113835,0.43910362744269493,212.52039666272168,106.72662831379436,0.0
2024-06-30 03:49:07.942418+00:00,1.2726788547179666,-0.05986470785016019,213.44167297637844,106.68519500589174,0.0
2024-07-01 03:49:07.942418+00:00,-0.2576885381644871,-1.5980745757056676,221.45567562798286,109.11270599808591,0.0
2024-07-02 03:49:07.942418+00:00,2.5412342114142916,1.2151914496885599,224.56378365449424,113.44663118170429,0.0
2024-07-03 03:49:07.942418+00:00,0.6406162421917969,-0.6951663695374617,224.35381402462028,111.44231543551209,0.0
2024-07-04 03:49:07.942418+00:00,0.5500117064435699,-0.7862352145798852,221.91587660539338,110.1476858656823,0.0
2024-07-05 03:49:07.942418+00:00,1.5354272032409284,0.2042301130016594,217.771074810803,109.08610660263244,0.0
2024-07-06 03:49:07.942418+00:00,2.487555411001537,1.1612375685005756,218.4334393917021,110.36535704527977,0.0
2024-07-07 03:49:07.942418+00:00,0.3117472933464285,-1.0257206303626394,216.58195191919,107.2751541406166,0.0
2024-07-08 03:49:07.942418+00:00,1.3673878225031757,0.03532960267891139,213.01548727575383,106.56942348772489,0.0
2024-07-09 03:49:07.942418+00:00,1.7251770733310678,0.3949523696012365,211.49053611216476,106.17408455641295,0.0
2024-07-10 03:49:07.942418+00:00,1.9734190823311337,0.6444665121764804,208.87258442844666,105.12939782148648,0.0
2024-07-11 03:49:07.942418+00:00,1.483444060467022,0.15198057896894743,213.226679582477,106.78978134651572,0.0
2024-07-12 03:49:07.942418+00:00,0.9545865320616969,-0.37958711690996577,215.6104850057733,107.43821466380334,0.0
2024-07-13 03:49:07.942418+00:00,0.4946906780309064,-0.841839739480273,215.71922347604416,107.03202151737337,0.0
2024-07-14 03:49:07.942418+00:00,1.4327009726568036,0.10097745464850415,219.67968381528115,109.92598579068695,0.0
2024-07-15 03:49:07.942418+00:00,0.2764761819966708,-1.061172490994771,220.01544656990654,108.93558427296766,0.0
2024-07-16 03:49:07.942418+00:00,-1.5858646119189075,-2.9330569808460494,217.87350589970237,106.01540246635658,1.0
2024-07-17 03:49:07.942418+00:00,1.7972562954865197,0.46740096678288157,221.9864105948621,111.42976510158871,0.0
2024-07-18 03:49:07.942418+00:00,2.2742472663768467,0.9468363113373222,223.55517091599194,112.68152029908217,0.0
2024-07-19 03:49:07.942418+00:00,-1.008854038316315,-2.353089476114558,220.90672312279267,108.0904291258545,1.0
2024-07-20 03:49:07.942418+00:00,0.3420673376481318,-0.9952452088686854,220.53470203275864,109.25762031166938,0.0
2024-07-21 03:49:07.942418+00:00,1.9575594736993338,0.6285256298685974,218.34977232672247,109.79404042436643,0.0
2024-07-22 03:49:07.942418+00:00,3.3744947691170353,2.0527221095250843,214.8575741129643,109.48628252619385,-1.0
2024-07-23 03:49:07.942418+00:00,1.3532205088350793,0.021089687618891566,217.37444379015858,108.7080156027547,0.0
2024-07-24 03:49:07.942418+00:00,0.6357532108873443,-0.700054321786699,222.48556901866309,110.5147815681024,0.0
2024-07-25 03:49:07.942418+00:00,1.158790303107537,-0.17433688932612146,218.88512713040785,109.25966712409908,0.0
2024-07-26 03:49:07.942418+00:00,2.7264321157543066,1.4013384136704643,220.49516532200838,111.62245908015237,0.0
2024-07-27 03:49:07.942418+00:00,0.6958498948505394,-0.6396496681541703,218.90589993107295,108.80698578641194,0.0
2024-07-28 03:49:07.942418+00:00,0.535583575420489,-0.8007372835717067,217.7576280248842,108.07962200579185,0.0
2024-07-29 03:49:07.942418+00:00,0.8433443698974656,-0.49139934733151797,216.34030305211581,107.68740800387587,0.0
2024-07-30 03:49:07.942418+00:00,0.3598062041735375,-0.9774154382783977,214.22711493458593,106.16022885903425,0.0
2024-07-31 03:49:07.942418+00:00,1.4373575945802344,0.10565793975737868,214.4803869839453,107.36286380796744,0.0
2024-08-01 03:49:07.942418+00:00,2.927045274855928,1.6029796289675045,212.47040518574934,107.85988105134423,0.0
2024-08-02 03:49:07.942418+00:00,1.6304543175341593,0.299744200402833,213.28745628516512,106.96680741569858,0.0
2024-08-03 03:49:07.942418+00:00,1.055017806711632,-0.2786411751535455,213.28684685606044,106.39106992590393,0.0
2024-08-04 03:49:07.942418+00:00,1.0125957368583585,-0.32128063987727745,212.80324525843147,106.1098113603002,0.0
2024-08-05 03:49:07.942418+00:00,-0.2722071475067338,-1.6126675866791431,210.61333729485358,103.74347783873013,0.0
2024-08-06 03:49:07.942418+00:00,2.16593280016572,0.8379667800519975,209.2819964797866,105.52410801704046,0.0
2024-08-07 03:49:07.942418+00:00,1.2173839188900928,-0.1154430064524786,211.304643084044,105.5744843450092,0.0
2024-08-08 03:49:07.942418+00:00,1.123303917206556,-0.21000512769900367,212.701579400442,106.17030978663037,0.0
2024-08-09 03:49:07.942418+00:00,4.482379420277965,3.166284193235982,210.33406981384422,108.36014247476697,-1.0
2024-08-10 03:49:07.942418+00:00,1.5903351200553857,0.2594194092844997,210.71098587251157,105.65424584462147,0.0
2024-08-11 03:49:07.942418+00:00,0.5522118498332134,-0.7840237964012265,212.73731872248604,105.61686831114784,0.0
2024-08-12 03:49:07.942418+00:00,0.8523047935299388,-0.4823930053800761,208.60322347331652,103.87525414045271,0.0
2024-08-13 03:49:07.942418+00:00,2.4362125872709868,1.109631634871039,210.08854565905094,106.19271853872222,0.0
2024-08-14 03:49:07.942418+00:00,1.3915702895860989,0.05963599450942558,208.54408284441357,104.38531183274455,0.0
2024-08-15 03:49:07.942418+00:00,-0.15045836483304242,-1.4902948938348883,210.09714900628828,103.61029652482677,0.0
2024-08-16 03:49:07.942418+00:00,2.1960259584840287,0.8682141528694317,208.29890442278173,105.06868114596607,0.0
2024-08-17 03:49:07.942418+00:00,0.5817653994485568,-0.7543187975493788,203.9124241952669,101.28806801209446,0.0
2024-08-18 03:49:07.942418+00:00,3.09954583813213,1.7763641834713182,200.0522581619109,101.899426857173,0.0
2024-08-19 03:49:07.942418+00:00,2.3077394453382,0.980500123317334,200.28772354276646,101.22390983709788,0.0
2024-08-20 03:49:07.942418+00:00,0.784932407710059,-0.5501106457134307,201.03212692036365,100.06874156452308,0.0
2024-08-21 03:49:07.942418+00:00,2.5006378410512298,1.174387040380046,198.97118586186565,100.76660929266794,0.0
2024-08-22 03:49:07.942418+00:00,1.297554855682165,-0.0348612280753842,200.61530655904733,100.37550879005107,0.0
2024-08-23 03:49:07.942418+00:00,2.058692798293663,0.7301772192735606,196.7357594632296,99.22065340673703,0.0
2024-08-24 03:49:07.942418+00:00,1.690419249225684,0.3600164265899402,196.69779780644285,98.8336317205159,0.0
2024-08-25 03:49:07.942418+00:00,0.3425319191886729,-0.9947782465474758,193.9573658499123,96.13232626996528,0.0
2024-08-26 03:49:07.942418+00:00,0.536752548996958,-0.799562319508208,192.55659929620026,95.63474981578267,0.0
2024-08-27 03:49:07.942418+00:00,2.2116427174998705,0.8839109410614776,192.78165637929615,97.42078900722923,0.0
2024-08-28 03:49:07.942418+00:00,0.8354147581496676,-0.49936959493052885,190.90686240835984,95.11865587207338,0.0
2024-08-29 03:49:07.942418+00:00,0.7618437040242441,-0.573317669079643,190.140435017357,94.6665690454365,0.0
2024-08-30 03:49:07.942418+00:00,0.2251427998626383,-1.1127689346436664,192.55056270835388,95.32015877482759,0.0
2024-08-31 03:49:07.942418+00:00,1.596401978019216,0.26551735728721065,191.3331227967962,96.09016046399157,0.0
2024-09-01 03:49:07.942418+00:00,3.2477927391313983,1.9253707861058456,193.36666964845116,98.74585974346873,0.0
2024-09-02 03:49:07.942418+00:00,0.10237800415713139,-1.2361628471497341,190.8613178242702,94.36312599788083,0.0
2024-09-03 03:49:07.942418+00:00,1.2022702059435488,-0.13063417068038444,192.18926409799332,96.11885150566941,0.0
2024-09-04 03:49:07.942418+00:00,2.6113570270600945,1.2856736146182666,195.62922580466415,99.2268334577475,0.0
2024-09-05 03:49:07.942418+00:00,1.084648493501419,-0.24885864383239703,189.94429253985584,94.8925048786822,0.0
2024-09-06 03:49:07.942418+00:00,1.6062264499059467,0.27539217536875277,188.24187064903526,94.57330712076737,0.0
2024-09-07 03:49:07.942418+00:00,0.10014372661483151,-1.2384085744039068,189.65836541206323,93.76678917788473,0.0
2024-09-08 03:49:07.942418+00:00,1.5887093004140382,0.25778525801644137,189.31004935905398,95.08333177673464,0.0
2024-09-09 03:49:07.942418+00:00,0.9791223213938167,-0.3549255922056234,190.2667751119574,94.94624329097415,0.0
2024-09-10 03:49:07.942418+00:00,2.144243449126705,0.8161662804133087,189.0019154127228,95.48668770204127,0.0
2024-09-11 03:49:07.942418+00:00,2.3477983982882904,1.0207643611796744,189.31170419022118,95.84323814667535,0.0
2024-09-12 03:49:07.942418+00:00,3.7485044387175606,2.428648417892983,189.07163293990692,97.12538011197208,-1.0
2024-09-13 03:49:07.942418+00:00,1.7555100176654719,0.4254407572350129,191.83460945546227,96.49693790094472,0.0
2024-09-14 03:49:07.942418+00:00,1.5059686980813325,0.17462064566753457,192.53539089847976,96.59349176582205,0.0
2024-09-15 03:49:07.942418+00:00,1.3800459385578137,0.0480525861365182,193.43091765915102,96.90984313115284,0.0
2024-09-16 03:49:07.942418+00:00,0.8273465805373377,-0.507479118484557,192.59093933550966,95.94230337494415,0.0
2024-09-17 03:49:07.942418+00:00,1.5127975194380099,0.18148446179790767,191.57959141047144,96.1282795486974,0.0
2024-09-18 03:49:07.942418+00:00,0.8735213460955293,-0.46106772710372884,190.70010731471288,95.0546522472174,0.0
2024-09-19 03:49:07.942418+00:00,1.3436180951835865,0.011438065725578619,191.7171921696864,96.02705706111281,0.0
2024-09-20 03:49:07.942418+00:00,2.487523073878208,1.1612050656633912,190.86370293366974,96.74944900244283,0.0
2024-09-21 03:49:07.942418+00:00,0.1681531083787604,-1.170050673796139,191.64191118188185,94.81441302566128,0.0
2024-09-22 03:49:07.942418+00:00,2.3445346242629626,1.0174838617155857,196.5297016348408,99.40472937854945,0.0
2024-09-23 03:49:07.942418+00:00,2.5350867919804756,1.2090125273729633,198.70204199244773,100.66813606356374,0.0
2024-09-24 03:49:07.942418+00:00,1.095868931359334,-0.2375807060542036,198.04388471869112,98.90387383235448,0.0
2024-09-25 03:49:07.942418+00:00,-0.8896906952758883,-2.23331547217019,201.0174279078046,98.3868590548937,1.0
2024-09-26 03:49:07.942418+00:00,0.6190477247557595,-0.7168454163529048,200.15367522202158,99.46901562391635,0.0
2024-09-27 03:49:07.942418+00:00,2.494594221104151,1.1683124494789325,195.37851003184252,98.98624956248237,0.0
2024-09-28 03:49:07.942418+00:00,1.1609627659944977,-0.17215329350082192,193.13223632093516,96.5432500981687,0.0
2024-09-29 03:49:07.942418+00:00,0.15866248070226163,-1.1795899368593936,188.9123929339414,93.45689423467579,0.0
2024-09-30 03:49:07.942418+00:00,0.6490000880688029,-0.686739560054609,188.22887732867628,93.60966374310992,0.0
2024-10-01 03:49:07.942418+00:00,1.9953423087945907,0.6665020857506169,188.38341710511824,95.03232857906367,0.0
2024-10-02 03:49:07.942418+00:00,1.7253785180929526,0.39515484668092343,192.28620302876857,96.68983508258566,0.0
2024-10-03 03:49:07.942418+00:00,0.9450440132686424,-0.38917853700944016,193.15593823099314,96.33903701632688,0.0
2024-10-04 03:49:07.942418+00:00,0.8147491687831234,-0.5201410865582975,192.76398497542397,96.0151680758973,0.0
2024-10-05 03:49:07.942418+00:00,0.8022844203702562,-0.5326697114480997,194.79819766628665,97.0073406840995,0.0
2024-10-06 03:49:07.942418+00:00,0.24066653422895,-1.0971656478124876,189.74637450899414,93.95077706999857,0.0
2024-10-07 03:49:07.942418+00:00,2.782438707913684,1.4576320155370395,190.3967064318912,96.81372890541505,0.0
2024-10-08 03:49:07.942418+00:00,0.8562385661638672,-0.4784390738525548,192.27218678397907,95.8137729227782,0.0
2024-10-09 03:49:07.942418+00:00,2.375513477467379,1.0486214682246529,188.9760579661518,95.7051875039014,0.0
2024-10-10 03:49:07.942418+00:00,2.696264499519856,1.371016201372078,191.6831491653486,97.36289063459675,0.0
2024-10-11 03:49:07.942418+00:00,2.178736904755965,0.8508365001736948,192.57676774328402,97.28669476978997,0.0
2024-10-12 03:49:07.942418+00:00,0.7436313496483251,-0.5916233539421221,191.7326161542276,95.43468776439575,0.0
2024-10-13 03:49:07.942418+00:00,1.5886110389810995,0.257686493035902,193.30355479564224,97.05550748815773,0.0
2024-10-14 03:49:07.942418+00:00,1.1936822793119717,-0.1392661067439397,198.68673294367164,99.3191708654449,0.0
2024-10-15 03:49:07.942418+00:00,0.3175646423864862,-1.0198734699096696,199.2395579280411,98.71607710329043,0.0
2024-10-16 03:49:07.942418+00:00,1.5499962665892753,0.218873836536326,199.95256598139537,100.30064227241928,0.0
2024-10-17 03:49:07.942418+00:00,0.040576459404249476,-1.2982810982505653,198.97033283408908,98.30612662588473,0.0
2024-10-18 03:49:07.942418+00:00,2.395589600734553,1.0688004729927074,197.06058922919448,99.7179740030588,0.0
2024-10-19 03:49:07.942418+00:00,0.7560533144510089,-0.5791377319101126,199.14234316592777,99.1065542856655,0.0
2024-10-20 03:49:07.942418+00:00,1.4100227135795222,0.07818297924299127,197.216038103372,98.80917870755884,0.0
2024-10-21 03:49:07.942418+00:00,1.493914412451673,0.1625045870062434,197.50373584343052,99.0351557932614,0.0
2024-10-22 03:49:07.942418+00:00,0.9455087657358234,-0.38871140288566514,196.49016852266206,97.98617928762695,0.0
2024-10-23 03:49:07.942418+00:00,1.7987528677553684,0.4689052083412214,197.73744054393404,99.4554140734423,0.0
2024-10-24 03:49:07.942418+00:00,0.742735663254777,-0.5925236303433753,198.64781289673172,98.84900279174333,0.0
2024-10-25 03:49:07.942418+00:00,2.1048273941113393,0.7765482350612225,201.24026207310771,101.4914283340111,0.0
2024-10-26 03:49:07.942418+00:00,-0.11925891246795572,-1.4589355576892897,200.12937622514625,98.71870843232638,0.0
2024-10-27 03:49:07.942418+00:00,1.34986364553194,0.017715621834462264,199.60133502137256,99.92704709023269,0.0
2024-10-28 03:49:07.942418+00:00,3.148777133755914,1.8258477683203014,197.37674529029786,100.62730164420722,0.0
2024-10-29 03:49:07.942418+00:00,0.20379239050933506,-1.1342287556662176,196.4428534459332,97.22109539836103,0.0
2024-10-30 03:49:07.942418+00:00,0.5325530164759158,-0.8037833728280126,197.4501349835242,98.04732252123725,0.0
2024-10-31 03:49:07.942418+00:00,1.7359261970387934,0.40575657794684183,199.3622151189657,100.19501540914177,0.0
2024-11-01 03:49:07.942418+00:00,1.3888105049823594,0.05686206719604231,197.27569338722967,98.81742847555444,0.0
2024-11-02 03:49:07.942418+00:00,1.5732029890259724,0.24219948344878167,199.45268413361183,100.07697216607947,0.0
2024-11-03 03:49:07.942418+00:00,1.7323819567678953,0.4021941749682487,202.8169830599135,101.89767866010442,0.0
2024-11-04 03:49:07.942418+00:00,1.8848299736719554,0.555423422420491,203.9448926869114,102.60716781201747,0.0
2024-11-05 03:49:07.942418+00:00,2.3887127930610887,1.0618884246363036,208.66041466957233,105.4399071767424,0.0
2024-11-06 03:49:07.942418+00:00,1.6777227789190903,0.3472548923313251,206.84810081655263,103.83386906520482,0.0
2024-11-07 03:49:07.942418+00:00,1.0084699758998426,-0.32542754358701276,203.88275613841427,101.7001204145886,0.0
2024-11-08 03:49:07.942418+00:00,1.8963761781951973,0.5670287962781219,199.6532811511476,100.49921427677654,0.0
2024-11-09 03:49:07.942418+00:00,3.146389046182975,1.8234474428252065,203.3573549862742,103.57855942803232,0.0
2024-11-10 03:49:07.942418+00:00,1.1244093265002846,-0.20889405365786776,205.0762102281062,102.40547136767053,0.0
2024-11-11 03:49:07.942418+00:00,0.28242952614962746,-1.0551886385124143,205.06246683035795,101.55670411050833,0.0
2024-11-12 03:49:07.942418+00:00,2.3690165838522006,1.0420912808227558,205.87443699623518,104.04429916740456,0.0
2024-11-13 03:49:07.942418+00:00,1.1252683715575387,-0.20803060636400464,203.21744857093714,101.48834312151497,0.0
2024-11-14 03:49:07.942418+00:00,-0.8897140229729672,-2.233338919411688,209.30361276570028,102.4791368368361,1.0
2024-11-15 03:49:07.942418+00:00,2.1331363938546275,0.8050023062579613,209.75375245615894,105.72429790522989,0.0
2024-11-16 03:49:07.942418+00:00,0.7528457655485425,-0.5823617181217567,210.1549563316432,104.54214997986767,0.0
2024-11-17 03:49:07.942418+00:00,1.2096325374865273,-0.12323411035336515,212.11133074327088,105.96513208933128,0.0
2024-11-18 03:49:07.942418+00:00,1.6404309509968726,0.3097719598230194,213.46292764063853,107.06344415088827,0.0
2024-11-19 03:49:07.942418+00:00,1.5032506648648507,0.1718886836993195,214.164496668518,107.27274801403807,0.0
2024-11-20 03:49:07.942418+00:00,2.0105380993750117,0.6817757482249875,212.26149659996193,106.84020011712,0.0
2024-11-21 03:49:07.942418+00:00,0.8737416155792062,-0.46084632883364357,213.58974844694444,106.35938785290237,0.0
2024-11-22 03:49:07.942418+00:00,1.8526873108136641,0.5231160422334028,218.5416759612897,109.78394377882094,0.0
2024-11-23 03:49:07.942418+00:00,1.1024661818079835,-0.23094964753320804,222.20116518797002,110.8410359164011,0.0
2024-11-24 03:49:07.942418+00:00,2.127679836069774,0.7995177859602721,226.58258098469676,114.03010097323589,0.0
2024-11-25 03:49:07.942418+00:00,1.996550019365813,0.6677159853193135,225.32853972442018,113.27963734622314,0.0
2024-11-26 03:49:07.942418+00:00,0.43017064409367833,-0.906690410853823,222.7879023396175,110.45851246776415,0.0
2024-11-27 03:49:07.942418+00:00,2.4503495183964645,1.123841011690971,222.58528943217212,112.37862683226109,0.0
2024-11-28 03:49:07.942418+00:00,0.8301349285945321,-0.5046764813422994,222.8676831545958,110.89787813218385,0.0
2024-11-29 03:49:07.942418+00:00,2.192913110060857,0.8650853524363264,225.9277229082769,113.7719192524196,0.0
2024-11-30 03:49:07.942418+00:00,1.7248477147786048,0.39462132322778554,221.47478338329068,111.10467900504668,0.0
2024-12-01 03:49:07.942418+00:00,3.2214760977605863,1.8989192832617132,225.67275016143725,114.67455875751375,0.0
2024-12-02 03:49:07.942418+00:00,1.1580335605035117,-0.1750975099106636,225.38025688729948,112.46666246127789,0.0
2024-12-03 03:49:07.942418+00:00,1.0259348144469413,-0.3078732052506143,224.36095825897095,111.83116233336727,0.0
2024-12-04 03:49:07.942418+00:00,1.3399543775781098,0.007755573142431161,221.7706543440287,110.86590756612662,0.0
2024-12-05 03:49:07.942418+00:00,1.0300149957484592,-0.30377211477402416,217.4997329730521,108.44668670369177,0.0
2024-12-06 03:49:07.942418+00:00,2.1471059580849783,0.8190434584993809,219.7787053992718,110.68929460157794,0.0
2024-12-07 03:49:07.942418+00:00,-0.26715299789918845,-1.6075875367276729,220.10393735744543,108.43565807028612,0.0
2024-12-08 03:49:07.942418+00:00,0.2754003591752081,-1.0622538269456903,216.82889404301798,107.36076460236264,0.0
2024-12-09 03:49:07.942418+00:00,0.2414221036991222,-1.0964062063736053,213.5892654053021,105.72682978107186,0.0
2024-12-10 03:49:07.942418+00:00,2.255042739490051,0.9275333695063898,212.85677887747661,107.37869703071188,0.0
2024-12-11 03:49:07.942418+00:00,3.0422629337390106,1.7187877288194988,217.24764349380638,110.33443511948512,0.0
2024-12-12 03:49:07.942418+00:00,1.223851115846827,-0.10894266789163354,216.7012447676413,108.24617316528318,0.0
2024-12-13 03:49:07.942418+00:00,1.1363160879478613,-0.19692627517667086,212.92247012644907,106.29241334003453,0.0
2024-12-14 03:49:07.942418+00:00,1.3721243141605726,0.04009036681980207,212.42233296586548,106.28121864604591,0.0
2024-12-15 03:49:07.942418+00:00,2.4604704277649745,1.1340137863689461,211.85459544235803,107.0891760237872,0.0
2024-12-16 03:49:07.942418+00:00,0.3299922771577428,-1.007382148852936,205.125534255292,101.63541399345543,0.0
2024-12-17 03:49:07.942418+00:00,1.4956495925145958,0.16424865912102288,205.11496241382378,102.79585018964667,0.0
2024-12-18 03:49:07.942418+00:00,2.2297484138445753,0.9021094213161857,204.66961386146636,103.31000456051561,0.0
2024-12-19 03:49:07.942418+00:00,1.766878799362587,0.43686779905080825,206.5023230840343,103.75225571195699,0.0
2024-12-20 03:49:07.942418+00:00,1.4842102792646443,0.1527507243085048,211.20798922452386,105.79357622886067,0.0
2024-12-21 03:49:07.942418+00:00,2.313953332961958,0.9867458544437712,214.18998843351594,108.0960403093251,0.0
2024-12-22 03:49:07.942418+00:00,-1.393773619164449,-2.7399816043349636,213.62738324033796,104.11045932716975,1.0
2024-12-23 03:49:07.942418+00:00,1.9707322691816955,0.6417659302647308,210.91894885781676,106.13734974843929,0.0
2024-12-24 03:49:07.942418+00:00,0.67948081396014,-0.6561026335469525,217.5587443639445,108.12529649884482,0.0
2024-12-25 03:49:07.942418+00:00,-0.4953286123414955,-1.8369324530997306,217.84388146833157,107.09130783730933,0.0
2024-12-26 03:49:07.942418+00:00,1.8475312647287012,0.5179335736288742,218.0110007294096,109.51670296422978,0.0
2024-12-27 03:49:07.942418+00:00,2.7104021390203314,1.3852262901971248,218.0786929172448,110.41300500378536,0.0
2024-12-28 03:49:07.942418+00:00,1.2032745878059643,-0.12962464179271474,218.7279169215761,109.22650994616036,0.0
2024-12-29 03:49:07.942418+00:00,2.2920795154259395,0.964759942996585,218.48024584549628,110.19299746995108,0.0
2024-12-30 03:49:07.942418+00:00,2.943067737076248,1.6190841994185372,217.10732819745863,110.16594235671796,0.0
2024-12-31 03:49:07.942418+00:00,2.6377693568525302,1.3122212962460462,215.812867590774,109.22134824897105,0.0
2025-01-01 03:49:07.942418+00:00,2.9630932116925948,1.6392122959832032,215.857532385309,109.5687307220259,0.0
2025-01-02 03:49:07.942418+00:00,2.0574217997860416,0.7288997074449987,214.57941894313234,108.03183696263807,0.0
2025-01-03 03:49:07.942418+00:00,1.380265900189599,0.048273674977103366,212.87262218838308,106.51174473309312,0.0
2025-01-04 03:49:07.942418+00:00,-0.2946841681163619,-1.6352597923563699,213.2722187414827,105.03414355884418,0.0
2025-01-05 03:49:07.942418+00:00,1.0580036002061348,-0.27564008075099655,212.74762739007306,106.12775120690658,0.0
2025-01-06 03:49:07.942418+00:00,0.48513760771496095,-0.851441765174657,216.71492724569435,107.51421702753099,0.0
2025-01-07 03:49:07.942418+00:00,3.4578658740566084,2.136520455535661,209.9508994521647,107.14639244358015,-1.0
2025-01-08 03:49:07.942418+00:00,1.1286657233397648,-0.20461584461443952,212.82682413566783,106.23752625540158,0.0
2025-01-09 03:49:07.942418+00:00,1.4480460616969708,0.11640118067304285,216.13692447961031,108.19166704658964,0.0
2025-01-10 03:49:07.942418+00:00,1.8441585806967709,0.5145436060412203,210.8889723773529,105.99597156471691,0.0
2025-01-11 03:49:07.942418+00:00,1.3317354581063228,-0.0005054647582787222,210.14827734603446,105.11774111938969,0.0
2025-01-12 03:49:07.942418+00:00,2.9782153490749153,1.6544119278184972,209.33767441494285,106.36388824790218,0.0
2025-01-13 03:49:07.942418+00:00,0.6396120202469575,-0.6961757376880464,205.92753432098309,102.3411177987571,0.0
2025-01-14 03:49:07.942418+00:00,1.445844498443762,0.11418833535462848,204.12900437002403,102.25910964024926,0.0
2025-01-15 03:49:07.942418+00:00,0.4928420760887491,-0.8436978147126571,201.531072873298,100.02306585095096,0.0
2025-01-16 03:49:07.942418+00:00,-0.05799343944920565,-1.3973561254597668,205.88963482615,101.6247949018543,0.0
2025-01-17 03:49:07.942418+00:00,0.665187438317048,-0.6704692565953949,208.3249263992039,103.55069410869666,0.0
2025-01-18 03:49:07.942418+00:00,1.260170553061272,-0.07243710917544052,211.62868081396965,105.77730360993641,0.0
2025-01-19 03:49:07.942418+00:00,0.8799173496726382,-0.4546389467579732,213.5883761051832,106.36488582807434,0.0
2025-01-20 03:49:07.942418+00:00,0.5998460059107344,-0.7361455357520595,210.8227011186107,104.71892957943149,0.0
2025-01-21 03:49:07.942418+00:00,-0.12140896037763582,-1.4610966236701866,209.6222253873392,103.40479522999776,0.0
2025-01-22 03:49:07.942418+00:00,1.210119494187694,-0.12274465820845099,210.9790041374422,105.4063964960924,0.0
2025-01-23 03:49:07.942418+00:00,-0.2296852079822571,-1.5699277404950778,208.0114718433403,102.50101554763916,0.0
2025-01-24 03:49:07.942418+00:00,2.04676532769966,0.718188625520465,209.9160209610321,105.71806644420566,0.0
2025-01-25 03:49:07.942418+00:00,1.3662103952803335,0.03414614164773619,209.43659275780195,104.80073613183548,0.0
2025-01-26 03:49:07.942418+00:00,-0.17878480212016257,-1.5187664919353747,208.62024039952166,102.8525687002959,0.0
2025-01-27 03:49:07.942418+00:00,0.9812347034791173,-0.35280238507026324,210.52526021753394,104.95342103171711,0.0
2025-01-28 03:49:07.942418+00:00,0.5459412031333954,-0.7903265774695869,211.7739191647329,105.13480317677586,0.0
2025-01-29 03:49:07.942418+00:00,1.6124281459082397,0.2816256523969058,210.98366488077525,105.8110069508068,0.0
2025-01-30 03:49:07.942418+00:00,2.6524717234886737,1.3269990061905514,214.0454508883353,108.36317589019079,0.0
2025-01-31 03:49:07.942418+00:00,-0.5793845164709239,-1.921419107601611,211.39711791012869,103.8233864854186,0.0
2025-02-01 03:49:07.942418+00:00,1.4211689683670556,0.08938635379445917,213.0864403263897,106.65824624234226,0.0
2025-02-02 03:49:07.942418+00:00,1.156089879274731,-0.1770511516701399,214.73087422034857,107.20530431460764,0.0
2025-02-03 03:49:07.942418+00:00,1.9834633003886353,0.6545622025334483,214.0620826145725,107.70238138373671,0.0
2025-02-04 03:49:07.942418+00:00,1.5312422466611508,0.20002371031855212,215.02827243154763,107.7273328440115,0.0
2025-02-05 03:49:07.942418+00:00,0.5470788168456409,-0.7891831339761343,211.9289919036571,105.21252662008973,0.0
2025-02-06 03:49:07.942418+00:00,0.9951779088695076,-0.3387877267465271,214.4060866748664,106.88398940176658,0.0
2025-02-07 03:49:07.942418+00:00,0.5160784755293122,-0.8203423387144491,214.05900060496057,106.23347444567679,0.0
2025-02-08 03:49:07.942418+00:00,2.380668327852817,1.0538027350022103,212.84471319693742,107.49836373706731,0.0
2025-02-09 03:49:07.942418+00:00,1.3431788541291354,0.010996573749556163,215.65173283862592,107.8471780679849,0.0
2025-02-10 03:49:07.942418+00:00,3.212678425622684,1.890076526836284,213.95840862977508,108.88039500064055,0.0
2025-02-11 03:49:07.942418+00:00,1.2294476620318449,-0.10331744181341121,210.47055802391404,105.1746181981424,0.0
2025-02-12 03:49:07.942418+00:00,0.558377128135362,-0.777826923698275,206.66534502927382,102.62426574772645,0.0
2025-02-13 03:49:07.942418+00:00,-0.236958223470765,-1.577238027061245,208.29223930452363,102.63240525964899,0.0
2025-02-14 03:49:07.942418+00:00,-0.5452350063117848,-1.8870945958840155,205.21677268287402,100.80524666518107,0.0
2025-02-15 03:49:07.942418+00:00,-0.2989881647036725,-1.6395858450758727,209.66126113147791,103.24649462273347,0.0
2025-02-16 03:49:07.942418+00:00,1.5209384745428025,0.18966713579775976,204.54905854523346,102.54165592362821,0.0
2025-02-17 03:49:07.942418+00:00,1.7888135784873782,0.4589149844887016,208.83589061632213,104.926670331391,0.0
2025-02-18 03:49:07.942418+00:00,-0.29709264110482536,-1.63768060773348,209.49000839907822,103.16381349750698,0.0
2025-02-19 03:49:07.942418+00:00,2.178416564406959,0.8505145182181165,209.37257723670132,105.58132693242678,0.0
2025-02-20 03:49:07.942418+00:00,0.7926951779471949,-0.5423080946160979,208.12910741995543,103.58149265829428,0.0
2025-02-21 03:49:07.942418+00:00,1.429425099966224,0.09768479451870542,209.25084700303736,104.77221651350423,0.0
2025-02-22 03:49:07.942418+00:00,2.8950430377654612,1.570813394169931,209.2818963909299,106.25316882372037,0.0
2025-02-23 03:49:07.942418+00:00,2.1974155033657468,0.8696108185712937,212.17827885068567,106.98597874120837,0.0
2025-02-24 03:49:07.942418+00:00,1.0346086264245287,-0.2991549437155733,212.5964253286794,106.02968201643387,0.0
2025-02-25 03:49:07.942418+00:00,0.4150793020200183,-0.9218590895677387,213.10742659036538,105.66252106976741,0.0
2025-02-26 03:49:07.942418+00:00,-0.8504598263356513,-2.193883561892255,212.3054294924589,104.00089934490015,1.0
2025-02-27 03:49:07.942418+00:00,0.5820937910374084,-0.7539887230948121,212.28773436893258,105.42471386522386,0.0
2025-02-28 03:49:07.942418+00:00,1.0957039336660301,-0.23774654928975192,213.19921749138805,106.38847850686633,0.0
2025-03-01 03:49:07.942418+00:00,0.29361986789112393,-1.0439409510802975,208.95185826476813,103.48874960523288,0.0
2025-03-02 03:49:07.942418+00:00,1.1295898467105872,-0.20368698550862865,205.6967591889135,102.71712262736445,0.0
2025-03-03 03:49:07.942418+00:00,1.3497009108270817,0.017552053184202356,207.6548214287703,103.90426259734392,0.0
2025-03-04 03:49:07.942418+00:00,1.0513665863587676,-0.28231110644103363,208.20518670614123,103.87773737126254,0.0
2025-03-05 03:49:07.942418+00:00,0.6241680766520545,-0.7116988248544157,207.87043439941138,103.28521461888224,0.0
2025-03-06 03:49:07.942418+00:00,1.4438716875560687,0.11220541465926073,208.04113909613898,104.18922422003621,0.0
2025-03-07 03:49:07.942418+00:00,1.7232417006279235,0.3930070789450185,209.0336993065457,104.95879030284226,0.0
2025-03-08 03:49:07.942418+00:00,0.1833716184979295,-1.1547541753551513,207.80518397359066,102.81219290935249,0.0
2025-03-09 03:49:07.942418+00:00,2.6735707570838514,1.3482061632622848,205.98903800417787,104.4054513818352,0.0
2025-03-10 03:49:07.942418+00:00,1.1677752089009914,-0.16530593975314847,206.59673513532346,103.19977943537747,0.0
2025-03-11 03:49:07.942418+00:00,1.2711050770997758,-0.06144655040206637,204.29514971719814,102.16642448154391,0.0
